{
    "training_r2_score": 0.9974612576082887,
    "mae": 1105.5443669224667,
    "rmse": 2785.793031562593,
    "r2_score": 0.9849335760108676
}
