{
    "training_r2_score": 0.9974573962285039,
    "mae": 1107.3925519440857,
    "rmse": 2784.6240113815434,
    "r2_score": 0.9849462181978368
}
